"","FBgn","Symbol","CHR","Complex","A3FH1","A3FH2","A3FH3","A3MH1","A3MH2","A3MH3","A40FH1","A40FH2","A40FH3","A9FH1","A9FH2","A9FH3","A9MH1","A9MH2","A9MH3","S3FH1","S3FH2","S3FH3","S3MH1","S3MH2","S3MH3","S40FH1","S40FH2","S40FH3","S9FH1","S9FH2","S9FH3","S9MH1","S9MH2","S9MH3"
"ND-B17","FBgn0001989","ND-B17","2L","Complex I",1.24284396944596,1.03945966910098,-0.108194379014302,1.3021894355464,1.22615578689536,1.16925857603621,-1.83049819339381,-1.46935463923756,-0.824225761721584,-0.0961546756242362,-0.088882095914149,1.44929589484437,-0.876694109156543,-0.354654301182888,-0.502658355470591,1.1144903815847,0.0933750431154341,-0.589070135638231,0.851258021618191,1.320085148048,0.931090833166951,-0.446046373802818,-1.05354686817789,-0.910680619931527,-0.364142172475781,-0.120282508231875,-0.814232639883404,1.17771501720426,-1.1103888519343,-1.35751109581533
"ND-ACP","FBgn0011361","ND-ACP","3L","Complex I",0.25639977237943,0.0764367908748889,0.219314514473064,0.120937806947144,0.074413542860986,-0.225034005322442,-1.77961555886251,-1.29710587469532,-1.29092788862384,-0.612379671425968,-0.344475572098504,0.0147936883777688,-0.386042220424449,-1.24531647359631,-1.18324802407602,1.55984021070699,-0.272280775003907,2.70067350737318,0.185526197783694,0.469257839111112,-0.0434968339027391,0.32084225796036,2.20263261090672,-0.0948940756123263,0.0167074369425963,1.12428769096122,0.435833678730734,0.756227250733638,-0.650464996089401,-1.1088428273898
"ND-SGDH","FBgn0011455","ND-SGDH","3L","Complex I",0.173298424927763,0.514658676884016,0.191621575746117,-0.197952588149363,0.112829076287498,-0.175680020438777,-1.31121921769861,-1.05504776736072,-0.73737491762246,-0.359174260475834,-0.384207783918629,0.918495525596044,-0.297286807884619,-0.709960238662129,-0.910398503069273,1.21802667946534,-0.133206780345282,1.63204418472416,-0.301859240535712,-0.145089973662426,0.0516586932747172,-0.0735193585780587,0.389911408520168,-0.669393243361715,-0.0697850827604368,1.64635124293462,0.217646336676689,3.28013072495343,-1.02230536535284,-1.79321140011368
"ND1","FBgn0013679","ND1","mt","Complex I",0.91412916802884,0.960563598319869,0.866138246256489,0.965582138024894,0.960576840829812,0.944874766322235,0.557518777946555,0.287616732503975,1.27977508926215,1.26552578311761,0.118269314248401,1.96086670944448,-1.65824629550423,1.08001525949817,0.651289949752726,-0.70154222915443,-0.295117535402256,-0.75485150386426,-1.01010526138572,-0.0480501463945707,0.00287334973122413,-0.83131629036715,-2.00859249111424,-0.917202177518737,-1.06676495283734,-1.15950129929386,-0.218419918642042,-0.705134100510616,-0.952329931507068,-0.48844158979091
"ND2","FBgn0013680","ND2","mt","Complex I",1.08874542256131,0.945881888432462,0.971335459034306,1.46737753174676,1.22099402525944,1.20673095638984,0.831727741839157,-0.365206004031697,1.41899159925712,0.973960005097414,-0.54845192839362,1.47654775508319,-1.30348086170795,1.13069401000208,0.634713061940912,-0.877043098321542,-0.140211329145369,-1.0609664501645,-0.896519103146873,-0.184453552443979,0.0328971090805782,-1.10173399140037,-1.35748699774582,-1.15307529523615,-0.945538752426173,-1.10906883778104,-0.086569515746952,-0.848417589194674,-1.04664556709164,-0.375727691746215
"ND3","FBgn0013681","ND3","mt","Complex I",1.31366904745747,1.06427938082198,1.22714906310763,1.33923948817121,1.25091498856359,1.17278114363568,0.213977727705329,-0.397543770141369,1.3609617454979,1.03368404225244,-0.776388808794386,1.49247171944127,-1.23597236598699,0.57466147934103,0.670380433710887,-0.953856476390996,-0.0302402528357512,-1.09889608750708,-1.19234839861937,0.24420937686598,0.202034324160722,-0.866334163683498,-1.33923533581977,-0.859549739495324,-1.25630620578899,-1.24724862734567,0.0112053413215474,-0.840732748119824,-0.922955662337191,-0.154010659188442
"ND4L","FBgn0013683","ND4L","mt","Complex I",0.764269439548307,0.315193214293258,0.636006241328919,1.52770403513233,1.48913508826729,0.680888427571434,1.35749483850465,0.775408299318581,0.865379180295515,0.226417909415387,0.143318281658935,0.649183295242991,-1.36430325423476,0.769319533803741,0.349243218372298,-1.15547680274356,0.0789526705000843,-1.50876308308973,-0.0482309523530981,0.189495765896026,0.220567056362166,-0.184149022464934,-1.69022274617682,-0.576495011101881,-0.62296920314137,-1.64214347796851,1.23371249598543,-1.55598505916275,-1.60616702497334,-0.3167833540866
"ND5","FBgn0013684","ND5","mt","Complex I",1.15246867699829,1.14931859031202,1.08322004245069,1.25336032628151,1.17599316747314,1.20523485574644,0.651223114595389,-0.534764220520312,1.18434617854713,1.06914932496989,-0.632090909815285,1.25617832933904,-1.24427414217547,0.917000671188102,0.496417300707419,-1.10707725628559,0.344079434664048,-1.21960279127946,-0.856546390272493,0.419830464559326,0.536695042138572,-0.770928260711752,-1.37418710013562,-0.81752406293571,-0.97637320562376,-1.28789712894283,-0.502010183069479,-1.19624786074246,-1.17810022679011,-0.196891780670686
"ND6","FBgn0013685","ND6","mt","Complex I",0.428465591223453,-0.301004346011586,0.458841830750366,0.335025203643482,-0.0396417226532538,-0.155238778816596,-0.389225854177646,3.09290626351942,1.47163648146938,-0.099838454763462,1.17053148382311,1.18776982686129,-1.74352890962128,0.595729472399276,0.844751886745619,-0.106352386969988,-0.750710976030771,-1.05792883841527,0.831134552109172,-0.421475234118598,-0.108310904736899,-0.57803989413127,-2.05490616622407,-0.795874550703789,-0.0613625429568453,-0.775240952298091,0.367242489915258,0.0494382039739882,-0.93776222946704,-0.457030544337364
"ND-75","FBgn0017566","ND-75","X","Complex I",0.906339295726024,1.07601756016241,1.21885337823254,1.23473838858453,1.48222442830375,1.20258830809559,-0.854809078504781,-1.39516470523446,-0.417340653806753,0.136375332239161,-0.469973354086643,1.28230435403113,-0.625802492228629,0.463783643090787,0.651729071185297,-0.173668726151658,0.638307809114614,-1.43266658029343,0.323857160100169,1.07384795731697,0.902343720282319,-0.394047803389638,0.176415929279675,-0.778967607713074,0.0288198158848433,-1.72045012938951,-1.32640786294866,-0.268579761830279,-1.21624063100617,-1.72442676504612
"ND-23","FBgn0017567","ND-23","3R","Complex I",0.381769938206109,0.132110922367764,0.158373171514833,0.260963259704699,0.409878919497532,0.457462232161099,-1.044887168956,-1.16522706576989,-0.820642845627572,-0.497460417917624,-0.767571690026966,0.26525621606495,-0.642286101189407,-0.280881646871816,-0.247392508155118,0.490187733004971,-0.0624855806387611,0.477986959093742,-0.104095435121153,0.210367396291627,0.133801855401735,-0.730642286994006,0.43019602899256,-0.804002011639624,-0.415049809973036,0.309127784934186,0.174118246579593,4.54451500583446,-0.365630863060083,-0.887860237708806
"ND-42","FBgn0019957","ND-42","3R","Complex I",1.38822029258008,1.3668726016647,0.963552929041895,1.20604481833586,1.12725885545975,0.945320372423899,-1.48362954305925,-1.55946524682449,-1.01059353040082,-0.290803239564935,-0.365857148510344,0.619304564530847,-0.639754001796389,-0.759828588340742,-0.606740438856339,1.2253919122671,0.408236137708622,0.112833007530194,0.40041657984147,0.726532696453581,0.440668406201765,-0.53379651471674,1.87332039469028,-0.880874075839896,-0.180375486329104,-0.373416419410365,-0.748779855909092,-0.192609848818627,-1.37113654939584,-1.80631308095706
"ND-PDSW","FBgn0021967","ND-PDSW","2L","Complex I",0.472690509496464,0.314514511186938,0.722648623605992,0.107049706477336,0.232445558763843,0.1142186016374,-1.03805053001575,-1.22126960693684,-0.965186054923495,-0.509432679155222,-0.977003689347049,0.6209613941902,-0.961463892991778,-0.756658058136934,-0.626590319082313,1.36441341284574,-0.323839745887137,1.9053512799676,-0.461208901164742,-0.322006296853149,-0.375080159816951,-0.251905113909068,1.89015821384242,-1.00475725673217,-0.375636933148604,1.44098383566566,0.561056404938672,2.41976249791359,-0.936863634749631,-1.05930167768102
"ND-B14.5A","FBgn0025839","ND-B14.5A","X","Complex I",0.826869927189135,0.277959455065271,0.328620262030829,1.11451739391481,1.8034868018965,1.32003212264709,-1.68772674256148,-0.836591827186648,-0.785450511556931,-0.641608038484296,-0.629960578660897,0.126213519791508,0.436689972371935,-0.814536999873263,-0.892859605312737,0.429285997587269,-0.51908687952241,-1.22402022179951,1.83350668403436,1.58223521045405,0.922399323993695,-0.268455089671839,0.375937218450893,-0.343898249269435,0.0655655018985609,-1.32097108780488,-1.16771740423378,1.32676924644353,-0.959600163157843,-0.677605238673494
"NP15.6","FBgn0027785","NP15.6","3R","Complex I",1.41375686709335,0.964650262256499,1.10921585185253,0.694185799291903,0.830997382759198,0.314862297957085,-1.81235016440776,-1.4592441823144,-0.766517874179223,-0.247078014897173,-0.47248610945867,0.706228416466108,-0.488316648571651,-1.18370960694037,-1.37482453819157,1.55691079355179,0.898941376713581,0.195417870962407,0.38430188809647,0.690366837476562,0.617945438554021,0.130186524461009,1.68661928662915,-0.428928385005888,0.146762151535186,-0.144400560533055,-0.398949513094685,-0.238248931876248,-1.92958016055819,-1.39671435562797
"ND-B16.6","FBgn0029868","ND-B16.6","X","Complex I",0.841156525338573,0.7333888157986,0.755471147708101,-0.224615209838732,0.255584405891041,-0.159412985877301,-1.7150095461063,-1.30044284778322,-0.791030396495162,-0.464957755523753,-0.462304164252528,1.25989426888379,-0.869381368976279,-0.990289264584314,-1.09283436265389,1.59090992465213,-0.674231624219133,1.46938128111846,-0.0828827756671925,-0.407666488226558,-0.0168083350919163,-0.0852076701610884,2.44305389867083,-0.297031569720767,0.0906903438482264,0.869774571080841,-0.258071467737498,1.50362504051574,-0.451637390620604,-1.46911499997007
"ND-ASHI","FBgn0029888","ND-ASHI","X","Complex I",0.692059458204526,0.22598600173002,0.683657323063282,-0.0452658705076637,0.330323161288388,0.587011072315946,-1.8589307549714,-1.35211960553943,-1.04785016009157,-0.659144588860917,-0.0264327656172328,0.821612422928011,-1.10299463945155,-1.1854588451177,-0.720475780929063,1.69070793295232,-0.462284052042039,0.984522448602237,0.278783412589534,0.0641856272661845,0.387479181943378,0.166888668670076,1.59210392725045,-0.32322626145675,-0.294430702926931,1.40086396697406,-0.179614136619757,2.04422743553574,-1.13508341612605,-1.55710046105609
"CG11752","FBgn0030292","CG11752","X","Complex I",1.04705107238029,0.831117301644738,1.09478837778845,0.414753049997328,0.218228684144679,-0.30547676605679,-1.58587434412472,-1.12347299808778,-0.93338920209277,-0.571107888237731,-0.527238209466089,0.363148661985265,-1.00505426302646,-1.03580304205997,-0.97222776043162,1.57039948743215,0.0918735931490599,2.31654891683299,-0.416863790983819,0.141003809337227,-0.0440140797287769,-0.398034847238396,0.634160249257787,-0.675186031356495,-0.446314607764435,1.40246502594424,0.325475037169474,1.84684807662319,-1.17334794035755,-1.08445557267345
"ND-B18","FBgn0030605","ND-B18","X","Complex I",0.393337181088163,0.53065808599674,0.0966859004089932,0.0620154240489565,0.572575207161316,-0.00874948092220292,-1.42364448486442,-1.14110053134418,-0.786991913840915,-0.639444601168443,-0.340845529206576,0.66328271592634,-1.26890056863664,-1.27469877321202,-1.01108299251575,1.94968620001592,0.0904804805073633,2.72943734530959,0.210812825174147,0.0517234883795752,0.234758129186396,-0.262092660902053,0.349373177340945,-0.31279362694571,0.0463027513886046,0.953091888969466,0.865983269210455,1.39957128818511,-1.19468924455828,-1.5347409501809
"ND-20","FBgn0030718","ND-20","X","Complex I",1.12439921375942,1.19955627039357,0.905100594905972,0.468545551144884,0.341243475323602,0.265043707354949,-1.33570287610919,-1.30350923312946,-1.05453723833296,-0.566084871069376,-0.429389965378373,0.769750083336072,-0.153849743620951,-0.887606353199657,-0.531858147868866,1.13893338775448,-0.0110032998494787,-0.120023457831003,0.0944924947263805,0.0121553919681201,0.165011505672187,-0.30210997554813,2.30536120448958,-0.0395215599407578,-0.157534711391174,-0.369523614478773,-0.605601981722481,2.35849482117255,-1.46947158977129,-1.81075908275985
"ND-24","FBgn0030853","ND-24","X","Complex I",0.515908652574051,0.520082225456115,0.706993397793942,0.101912072708642,0.330906569362258,0.217256009863731,-0.944527388650577,-1.28089726695879,-0.442089772703998,-0.096207448686029,-0.547576273126517,0.628034855456747,-0.706308374109651,-0.551970633457336,-0.484091643071016,0.30206156797442,0.0462004243401645,-0.242486273739235,-0.503571388503967,0.24747367097654,0.348939175757347,-0.268487228069899,0.943933549736068,-0.713751599363329,-0.17083096607523,0.216870689711354,0.115282463325127,4.23791358211325,-1.15570940466645,-1.37126324596775
"ND-18","FBgn0031021","ND-18","X","Complex I",1.45413833782743,1.06960717917021,1.30188189350097,0.314212620024654,0.387842036781558,0.452534557519467,-1.20137334051597,-1.63275946581265,-0.625018544067709,0.0590588286232918,-0.95005794332557,0.858760642205689,-1.27017414357878,-0.525945430974745,-0.531836716838087,0.98277708559341,0.472791973081706,1.06353378824851,-0.271175848107118,0.550671972240249,0.516637511787093,-0.662837404241423,-0.43971590462502,-1.35239820012908,-0.612229891433183,0.384639825641586,0.737122333597874,2.22513061349346,-1.51188753154284,-1.24393083414501
"ND-15","FBgn0031228","ND-15","2L","Complex I",-0.399064452466551,-0.594960674916952,-0.719112023961686,-0.441389724488841,-0.351929850249312,-0.465575868721355,-1.84028239341883,-1.0018881565128,-1.40543889116072,-1.14795917587592,-0.48394066099793,-0.379270416131731,-0.149950743400622,-1.16725759092083,-1.41169216337421,1.68738967016946,-0.0301754709599494,1.22892893855558,1.45152161875137,0.488326424855871,0.628775724259874,0.851035431765979,2.02451921164874,0.544548580347319,0.684292851326667,1.25614660062475,0.338082265614836,1.21997219459421,-0.0622439826773897,-0.35140727227901
"ND-B17.2","FBgn0031436","ND-B17.2","2L","Complex I",0.0791398272032122,-0.0478267904795736,-0.134564138506232,0.0786004728233409,0.12063008181946,-0.114429440892116,-1.61778819683074,-1.16730499412461,-1.10424711160035,-0.620864072694706,-0.567383218149497,-0.00859925020287755,-0.552888144364496,-0.863658986847215,-0.805103317739902,1.18068955132818,0.0152423559640504,1.37037261010143,0.425885716591611,0.584199169280242,0.509255450301785,-0.0906987815210556,0.102639496491336,-0.445608427843026,0.02792723569609,0.897585302379152,0.113358987073231,3.91753028348589,-0.44956044394885,-0.832531224793754
"ND-B14.5B","FBgn0031505","ND-B14.5B","2L","Complex I",0.546105156249073,-0.091143621321953,0.186525746301985,0.315251476531983,0.133856219526645,0.093418363204883,-1.14912463575631,-0.934165417387487,-1.00212651286821,-0.673184212945852,-0.573336299285068,0.292158438566531,-0.278402288627835,-0.942248677354559,-0.58944010192087,1.2852759749343,-0.551487943961131,2.19767215596277,0.0892261557887057,0.0976482952323585,-0.246247064796348,-0.538725044813343,-0.669822503955571,-0.540144631931465,-0.178518340639606,1.19823001092726,-0.103532272437256,3.60014180364038,-0.0703818391481223,-0.903478387715887
"ND-13A","FBgn0031684","ND-13A","2L","Complex I",-0.13872291497927,-0.430019676559629,-0.0938435356353383,-0.0806778399945723,0.407064486406767,0.12496455809933,-1.88459602098441,-1.09312461964409,-1.24546020643928,-0.868058013568191,-0.68151875067225,-0.29943261183674,-0.0655537788802084,-1.00486556811954,-0.913465085437413,1.31711955932715,-0.363432193121749,2.37866897535348,0.619622182948767,-0.0740381005336215,0.444593328671518,-0.12260667231294,1.92552540613889,0.284577882433362,-0.356468069242219,1.02407287907774,-0.119802202474597,2.26406123208353,0.00117248027856071,-0.955757110383019
"ND-51","FBgn0031771","ND-51","2L","Complex I",0.524219086726043,0.703864490430254,0.577081073787492,0.103650767541941,-0.0597051513543418,-0.0385714861054034,-0.678223137727658,-1.39677216592162,-0.611276191379863,-0.0928163009225926,-0.579204514166334,1.050728411154,-0.390793913986828,-0.0596658461227443,-0.193343066001551,0.574737809527265,0.644718005944171,-1.34482672349472,-0.0796199474534148,0.211255069240848,0.287250292989551,0.0519039989902955,1.76839963357862,-0.251739603630584,1.17002581173137,-0.121600886611995,-0.628941517360689,2.81248544545205,-1.78971547475254,-2.16350397010103
"ND-B22","FBgn0032511","ND-B22","2L","Complex I",0.401683656128291,0.0868268556960678,0.0897176538073934,0.469149471426969,0.824704292063037,0.366809108092994,-1.7248716135794,-1.42891623029018,-1.19599754898515,-0.765307636350846,-0.318024669594447,0.369194463706288,-0.946846525002196,-0.919213562394627,-0.934596000496445,1.51769946293158,-0.0879801844154138,1.38367978608026,0.399205822754021,0.306263571544388,0.380993731532617,-0.185747187026581,-0.513413325280703,-0.663044043627764,0.0451428339953899,1.5750095202126,0.565795388621693,2.80761869481291,-0.811412815280538,-1.09412297108221
"ND-B14","FBgn0033570","ND-B14","2R","Complex I",0.11648075178212,-0.294491884363158,-0.287033893048052,-0.306938323900112,-0.282037292143045,-0.137283848367343,-1.61748037273463,-0.476948092913177,-1.22377751676981,-1.0240602959508,0.0602375658877268,-0.344170545282816,0.103981718644578,-1.26378861195566,-0.884350930310981,1.76156851269266,-0.545893966903489,1.43765544249474,0.810368673608141,-0.29616955797367,-0.222682962802438,0.14498404765576,1.18794610666975,-0.300454322034748,0.262767178698638,0.944154130508322,0.289196737765531,3.32297227808303,-0.011903319247736,-0.92284740778932
"ND-B15","FBgn0033961","ND-B15","2R","Complex I",0.212190144759345,0.418836122434864,-0.0597540626566244,0.0662625003848436,0.433374341050294,-0.0596602609585862,-2.18970707326823,-0.521573108525882,-1.11696932662892,-0.44408070083775,-0.112865704013202,0.499642819186676,0.00078940937736747,-1.60342686660292,-1.27371585561897,1.64234421836647,-0.128138195792752,1.50476805438468,1.17778845858693,-0.12057624268963,-0.105368343840846,0.553332281495769,1.98110981167969,-0.148540403252194,0.504321555061107,0.712065297320102,-0.585102321118418,1.46502925255576,-1.16752071663101,-1.53485508420797
"ND-B14.7","FBgn0034576","ND-B14.7","2R","Complex I",-0.0977235991473578,-0.119999975558563,-0.151004919174091,0.072310499519906,0.0935537007762978,-0.0227491478010653,-1.68699275850956,-1.32632042386905,-1.17125459923866,-1.04061241809587,-0.299045418673888,-0.0416612790474422,-0.548008417879822,-1.11543406950169,-1.17903914953772,1.34726684255429,-0.247867486463291,1.51706469325591,0.599404806937902,0.550297915627153,0.678872277210521,0.262581078426722,3.21070082396044,-0.0708972940454148,-0.0726504964688654,0.693335506442261,-0.209521953251075,1.4114741859833,-0.282800610240488,-0.753278314190798
"ND-B12","FBgn0034645","ND-B12","2R","Complex I",0.478942156898485,0.0578738728883929,0.36690785185549,0.0290848446146575,0.0713600578048351,-0.266763261395099,-1.37392981593536,-0.990116832978807,-1.12680462736167,-0.719005732874103,-0.675203894281515,0.0594028292279315,-0.562543308250803,-0.775244880079775,-0.663307057617747,1.08356718019143,-0.530057822214674,2.5061686720388,-0.278348923535902,-0.118334625062098,-0.193964359306031,-0.515298456839983,0.58661565973182,-0.835874844801733,-0.392151824389315,1.57659878843545,0.631927078355506,3.04546755554532,0.253047533870888,-0.730013814534395
"ND-19","FBgn0035046","ND-19","2R","Complex I",0.352653329020197,0.109930391298429,0.521785772950155,-0.218543722094781,0.0152955780161524,-0.141448854714735,-1.63970519054103,-0.95667777974756,-0.921912187289996,-0.496379908098896,-0.407541143768759,-0.0792218816121762,-0.706572016352488,-1.2584412158996,-0.786827098983623,1.51607024268746,-0.294671422401816,1.9314101545301,-0.257190988121564,-0.396183320597713,-0.466411656472938,0.103928998142109,2.6548028422561,-0.0942231197827301,-0.0678036024088186,1.4913997034521,0.353737159030223,1.80942738174857,-0.447303066898394,-1.22338337734399
"ND-39","FBgn0037001","ND-39","3L","Complex I",1.35416044345993,1.4952831974869,1.47228224958711,1.25965295782243,1.23376776489941,1.24014320420583,-0.963761974831811,-1.36670627911624,-0.596345610603487,-0.103635854616391,-0.726009207759143,1.43635233315744,-0.959319580535638,-0.122774497005319,0.131494070286822,0.303112926334556,0.411296003626696,-1.20486783620891,-0.156617024079828,0.702838864415296,0.625875742747709,-0.345683711621288,1.12466269410759,-0.798409694262504,-0.325689405253747,-1.04336706155905,-1.22814331464217,2.61136540334819e-05,-1.39345918691215,-1.45615832678407
"ND-49","FBgn0039909","ND-49","4","Complex I",1.15575124704753,1.11934925174859,1.09234423772256,0.941990921928279,0.919613041469242,0.684531597606918,-1.99822447095295,-1.47244647058723,-1.58812002641143,-0.35617174372084,0.195678309162342,0.454334425470091,0.1219004928447,-0.542536513521566,-0.403618210446792,1.23278265164622,0.416981296128683,-0.628320841537954,1.02104556481051,0.36857820018074,0.388693981795857,-0.207388570486209,0.576082615471564,-0.977075145228453,0.8026270313306,-0.484607882777982,-0.765511674715013,1.20567854413771,-1.15523105859871,-2.11871080151701
"ND-B8","FBgn0040705","ND-B8","2L","Complex I",-0.195000731789147,-0.195955062427242,-0.183630626418528,-0.181813379117899,-0.20741029595755,-0.195062927250866,-0.193711609898687,-0.20741029595755,-0.20741029595755,-0.20741029595755,-0.150764939085669,-0.20741029595755,-0.20741029595755,-0.197187143483991,-0.197568722412811,-0.0876258012173584,-0.20741029595755,-0.20741029595755,-0.191443299039555,-0.181291892822157,-0.100812634646623,-0.188121477349608,-0.20741029595755,-0.125431959864844,-0.20741029595755,-0.20741029595755,-0.184390659552184,5.29151013596432,-0.15202132144249,-0.108162692611612
"CG9034","FBgn0040931","CG9034","X","Complex I",-0.057718008094602,-0.33184467214756,-0.277077333794124,-0.152406171655422,0.216119605087225,-0.122231725617763,-1.61231673556474,-1.14497283650011,-0.980719516669836,-0.783911221764371,-0.331474453646188,0.042334871764605,0.18088736968838,-0.936208709123534,-0.948280192541603,0.779636540998831,-0.633814271617676,2.55052373786216,0.114487508788115,-0.147182956274332,-0.210328176393387,0.318275390361373,1.68936526847935,-0.484214831012398,-0.328089807236944,1.65299813835013,0.340803534752121,2.61927100511301,-0.198259122123608,-0.823652229467098
"ND-13B","FBgn0047038","ND-13B","3L","Complex I",0.266511376616579,0.0721737460785832,0.00088310570112206,-0.142637023388492,0.345921858051773,0.00119948050276507,-1.30746090624391,-0.89249076630671,-0.98062677106723,-0.736692869035355,-0.802441448675257,-0.331487688453418,-0.325454711160217,-1.06591340609324,-0.923863181259515,1.08604578148745,-0.145829642650902,2.22402671514814,0.209647958943318,-0.0460124777413693,0.0191874675859008,-0.343852266464861,1.08393948575845,-0.780151075961144,-0.341755782616231,1.17627097656356,0.612728728131404,3.32870056956193,-0.432667660591335,-0.827899572421779
"ND-AGGG","FBgn0058002","ND-AGGG","3L","Complex I",0.381383548602141,0.312082963972708,0.249668437284935,0.0585623574389457,-0.0269919268651073,-0.257451123859864,-1.90091659503681,0.125107067951338,-0.602398063684486,-0.254681683335226,1.48689640495966,0.814079247889637,0.45308779725857,-0.972083453425398,-1.06971888800291,1.7633769257005,-0.33052849127423,0.547372918119658,1.00563620322965,-0.0198169598560323,-0.180956619098781,0.522894185205886,-2.88514500825419,1.11275852662078,0.487138041281522,0.878219487432049,-0.406433526221941,1.03358233423643,-0.994086445372158,-1.33063766289726
"CG40472","FBgn0085736","CG40472","3L","Complex I",1.08514621029138,0.972094249173535,0.745530898340484,-0.0665938661844715,-0.253307486100627,-0.393799261807245,-0.550673869851808,1.19003266810712,0.74126144940448,0.660200366638178,1.72950658371318,1.79108375679031,-0.426506347462077,-0.273185278497208,-0.392636978238115,0.966831497150405,-0.439496672201238,0.0145075978718397,-0.345079916507373,-0.955490644939926,-0.623166583064948,-0.107455420851094,-3.08112669842033,0.39710936916923,0.250636637385746,0.831883265214392,-0.0868842211917414,-1.11331513036827,-1.14969621254387,-1.11740996101992
"ND4","FBgn0262952","ND4","mt","Complex I",1.17069158976227,1.10663942757983,1.10289753964094,1.10699399165974,1.11394681678707,1.08521450594441,0.897088032542407,-0.732628496688127,1.16905225862343,0.966435955600287,-0.862049667216875,1.28642780586861,-1.10463545188591,0.790063807032745,0.603731898577499,-1.10988968914271,0.47163908044553,-1.14038683604475,-1.04445612362271,0.503810574179389,0.674746147271969,-0.885325433611706,-1.28318833760153,-0.628384770081676,-1.14308467809938,-1.25234082024194,-0.558588944116481,-1.19705925400936,-1.13771713364699,0.0303562044940331
"ND-30","FBgn0266582","ND-30","3L","Complex I",1.075269718987,0.543555628949527,1.06001143349604,0.356510050920401,0.756791361665021,0.175523678746748,-2.06268998929758,-1.81498017079037,-1.45172036457315,-0.5542359448378,-0.511267128854691,0.763815722736727,-0.782303377516391,-0.922693890501611,-0.847490881124748,1.17898051937705,0.0661060865165298,1.04377967049884,0.959573172552613,0.709041402497737,0.330066270941754,0.011134407054964,1.5984868919927,-0.448636803993674,-0.175548371659369,0.322630599087471,-0.568285171231479,1.59839175508563,-1.11839579351818,-1.29142048320769
"SdhB","FBgn0014028","SdhB","2R","Complex II",1.18976527018613,1.57437984351066,1.7783529431841,1.14667268213027,1.1938584120809,1.4017790590637,-0.249805055937784,-0.865249751696561,-0.50227393014696,-0.0314801127394096,-0.527367404213912,1.17860135891524,-0.540360483835642,0.631910001109098,0.736108145306365,0.171538764601459,0.315347243129659,-2.01932873483348,-0.144907468824763,0.429922269333326,0.601496982205351,-0.904697222229497,-0.561284599597224,-1.04276727805577,-0.295196744546706,-1.25290901133084,-1.18687409761853,0.262178472262791,-1.08495545775263,-1.40245409365935
"SdhC","FBgn0037873","SdhC","3R","Complex II",0.817455845060064,0.606274993927698,0.836824079550656,0.449455544755861,0.461492686191802,0.158689654143366,-1.32632922063503,-0.985368471772947,-1.10365287839044,-0.527966075464415,-0.242988034473532,0.474231929655594,-0.0908919540592914,-0.54185990651584,-0.523063534521844,1.17696508560849,-0.0819145171859932,0.988616703538988,-0.00511350803918238,-0.187976891481371,-0.135206649923942,-0.802300073260883,0.398477076849659,-1.10158307156805,-0.352783714452048,0.586060285223623,-0.343366657550493,3.70627247401476,-0.759397688184347,-1.54905351104093
"SdhD","FBgn0039112","SdhD","3R","Complex II",1.64459036246014,1.34757706234258,1.47306193220981,1.14005550666014,1.42169957158854,1.15134466631344,-1.08158189261193,-1.48713744317635,-0.571945619222737,-0.391371403399743,-0.840493567839832,0.559344973466325,-0.944577864493788,-0.0557842132512982,-0.161082689486227,0.736056692146045,0.524332095778326,-0.828520171124456,0.256440595521871,0.931842094739475,0.928626192864354,-1.22144935976811,-0.503660875766092,-1.22141745801613,-0.43002595338809,-0.701793507643752,-0.982101933767681,1.29351883110502,-1.12917833026953,-0.856368293970325
"SdhA","FBgn0261439","SdhA","2R","Complex II",0.511083460467892,1.07370425311156,1.13955559764527,1.04239160312401,0.861684295937384,0.980045403942545,0.270280155629745,-1.14264806640076,-0.884554691008058,-0.423637485641099,-0.89428085244545,0.239701518717525,-0.305921574713704,0.686360438909322,0.821881395319326,0.345557881429046,0.183287335311073,-0.686266297639224,0.173353825042446,0.618941952850921,0.406249805184664,-1.59348557696175,-1.0824868213023,-1.28749573195264,-0.311333201130244,-0.820381485877119,-1.18914334767047,2.90392000552891,-0.30172428198465,-1.33463951342418
"ox","FBgn0011227","ox","2R","Complex III",-0.440864535263982,-0.491893641225838,-0.508232885183574,-0.478454954375767,-0.459980564041476,-0.610672270654944,-0.865433469136216,-0.128791069489661,-0.849382209381549,-0.744706429969291,0.259709681112066,-0.419942002788581,0.540818827146475,-0.954227411342765,-0.863309193241491,1.05806506280739,-0.784788786392973,1.87757177896895,0.436805366969154,-0.596151386496552,-0.713102146593205,0.293566552585814,1.84116425850015,0.154293682797652,0.122210752840306,1.10603777958721,-0.287832053331631,3.33321918667959,0.166211800727216,-0.991909721812472
"CYTB","FBgn0013678","CYTB","mt","Complex III",1.02014798750561,1.11100932706636,1.01490601397774,0.919884195743681,0.91672682840976,0.91515346618713,0.438132142566477,-0.611622465574937,1.42249973023974,0.831645253018779,-0.929340664831734,1.09037451616089,-1.47305062289084,0.613369393872754,0.0884737553723984,-0.82768990084321,0.737398201065602,-0.77807306746824,-1.11219608081084,0.863757389514765,0.862905383297316,-0.252925156202125,-1.89817862690582,0.314624295639816,-1.44543166578765,-1.30041058657318,0.242204012390517,-1.07423889174701,-1.35851924668609,-0.341534915707646
"RFeSP","FBgn0021906","RFeSP","2L","Complex III",1.452913107004,1.59067974138133,1.26885067267819,1.02953771651603,0.992674605962688,0.989107531455977,-0.813781352224307,-1.61385014456048,-0.68822425184293,-0.0136059034140613,-0.678185019813433,0.813602838433303,-1.21117872296202,-0.425492955239842,-0.29556947482886,0.886796495732433,0.458106058144361,-0.546612185111803,-0.430442611593449,0.593339460939704,0.485444511726881,-0.593369441759435,-0.252102425483479,-1.20346278666226,-0.696418330562134,-0.24924874322947,-0.421366806973791,2.22484327787717,-1.29904349549458,-1.35394136609572
"UQCR-6.4","FBgn0034245","UQCR-6.4","2R","Complex III",-0.116057382430531,-0.342557741729121,-0.140242876973665,-0.288255346611063,-0.293776258283981,-0.52212962058589,-1.27062702337467,-0.502100735967264,-1.21506568477829,-0.780569636203366,-0.0476619962529465,-0.394590079098734,0.264333158422522,-0.921635409385255,-0.891786993393395,1.66263809885463,-0.597200046735868,2.0454489803148,0.634821224391301,-0.367348534919519,-0.461604552214869,-0.177521914567486,1.55197933335169,-0.211966677241465,-0.0128768003704042,1.12679930885215,-0.226488150797777,3.15855582389133,0.180912303093288,-0.84342476925615
"Cyt-c1","FBgn0035600","Cyt-c1","3L","Complex III",0.896575568360844,1.14438492502571,1.28484490356605,0.549913259272424,0.372567523650146,0.476851955973332,-1.18907461466776,-1.35374228462642,-1.17183402570142,-0.550953828352435,-0.70356130093615,0.382750438061895,-0.475043054505547,-0.779901125152656,-0.465277226871018,1.79471225490554,0.565201365900702,1.83308161658674,0.123749339473721,-0.0488252096101163,0.179995202819574,-0.746136353561802,-0.37047016785768,-0.770392541220866,-0.309567077661112,0.263918641648106,-0.784302673005001,2.24017485184436,-0.466957998824821,-1.92268236453433
"UQCR-Q","FBgn0036728","UQCR-Q","3L","Complex III",0.715236953410844,0.641525890988417,0.571637420467999,0.389191284586063,0.324600516193553,0.350348920785156,-1.43101189570544,-1.53795345871966,-0.830580867553167,-0.345581152088754,-0.812515991400358,0.0929436843553856,-0.911274596628853,-0.980568527581794,-0.931342242607859,1.14870803861158,-0.00113747256808086,1.94459512446271,-0.337494438113354,0.0977824413820303,0.191340170313095,-0.557408957656759,1.18647063382768,-0.999399651396682,-0.462613058242986,0.675546681746387,0.709853072535313,2.84835715498429,-0.764255100552993,-0.985000577833768
"UQCR-C2","FBgn0250814","UQCR-C2","3L","Complex III",1.48431331756017,1.58784177198502,1.56366195974219,0.981490660633424,1.23310242765473,0.902652779946848,-0.706730975473723,-1.56059294829034,-0.189145146258624,0.281897014925521,-1.16240678755358,1.53359480077996,-1.33018192316042,0.108943005123508,0.379466012462387,0.264210192707757,0.77083817490542,-0.935559238563613,-0.412540741153607,0.98548060467867,0.641493276221036,-0.532583212375325,-0.679591439940357,-0.880366227499145,-0.496620243199154,-1.04747519581889,-0.747679841691717,0.4508884817628,-1.1055164207176,-1.38288413939336
"UQCR-11","FBgn0260008","UQCR-11","3L","Complex III",-0.188797374370505,-0.453024861906469,-0.23772465390263,-0.483058417591006,-0.473651818984939,-0.629661498435221,-1.23771630114611,-0.0755677550223876,-0.780539425861542,-0.765860460311726,0.502502684672242,-0.388878675744792,0.789192041574264,-0.925020351686662,-0.985314233944478,1.29429456768705,-0.699061962368345,2.35617485988233,0.361970042238012,-0.71685085328186,-0.763619141528997,0.328417510238503,-0.204524443020509,0.777312232355949,0.271454563607909,1.56828442944847,-0.0716557839628084,2.98517168779957,-0.103386969451381,-1.05085963698193
"COX1","FBgn0013674","COX1","mt","Complex IV",0.854339763882118,0.996101351067547,0.912851485218799,0.88219855227489,0.780920785041183,0.845826712992977,0.567315576611613,-0.0133929894826279,1.04010541164326,0.693262982388313,-0.363563342544876,0.940274971487589,-1.61966059639472,0.480328528957097,-0.110573110589641,-0.680220086687482,0.762612893326091,-0.704008123219279,-0.407903615814102,0.844179204367059,0.805675580419169,-0.00388832246742839,-2.68981133135089,1.03164931476417,-0.798932343700921,-1.39794088092652,-0.201124620194471,-1.23186708925332,-1.65672391558382,-0.55803274623179
"COX2","FBgn0013675","COX2","mt","Complex IV",1.36422759263357,1.29319958888211,1.30352206021806,1.12274934593461,1.0744708450626,1.04874547914012,0.466526089041757,0.00281010408693674,0.815268116518808,0.609122657908561,-0.432459537840614,0.954879427861806,-0.396703719018511,0.860194385895529,0.481031243371284,-0.584704418782197,-0.508588693241625,0.562947648209899,-1.00406436227772,-0.175232534284353,-0.0639259097300335,-0.987077060326531,-2.68717028407759,0.426612654057995,-1.5428565005554,-0.440990755761327,-0.414948897473267,-0.84466727704633,-1.55254035366443,-0.750376934743712
"cype","FBgn0015031","cype","2L","Complex IV",-0.130989694671831,-0.178754390460467,-0.111340741971789,-0.317889472224393,-0.193741680728911,-0.326385034346913,-1.23253189927311,-0.743501245295059,-0.944576844622212,-0.775454737585368,-0.301879770395113,0.0238843145852204,-0.0470935544591447,-0.844800592806784,-0.776781279190399,1.07648249953416,-0.55017320454489,2.88432008739412,-0.105111195212409,-0.35035695758094,-0.409752750136474,-0.0450434355822079,1.24317371146725,-0.303730365390336,-0.203998865377497,1.40659788323955,0.256243098345052,3.00485289217257,-0.066077176538688,-0.935589598343004
"COX5A","FBgn0019624","COX5A","3R","Complex IV",0.799658262074636,0.599035941289737,0.566425021963699,0.445678846203351,0.684820230456233,0.282293875498413,-1.63483571870151,-1.17805813463204,-0.941372013632523,-0.470536022722817,-0.573047112093415,0.337690005246601,-0.853619507472742,-1.07276584544592,-1.07362872406475,1.38775763220492,-0.248401203769971,1.51859778627579,0.0616121846575177,0.152880096498985,0.100363839209676,-0.448441099852139,1.6018238309412,-0.718218912023747,-0.248479757685246,0.580898518057498,-0.0673931111611237,2.7434753452365,-1.06106615310665,-1.27314809945016
"COX6B","FBgn0031066","COX6B","X","Complex IV",0.105870512683643,0.19557764292691,0.293321228376855,-0.0360375209889237,0.0622704617696652,0.0384080700124,-1.43616360364711,-1.03212039885459,-1.22522717620978,-0.545851678655008,-0.418150265813523,-0.0755704556671987,-0.545598245154349,-0.92340487116063,-0.771290994335485,1.38132856526908,-0.36316129520957,3.13276956071429,0.351501194675196,0.0299018667552332,-0.155933744350853,-0.404431169960114,0.257323198849765,-0.801056957596586,-0.299816267618453,1.3125170507707,0.493580414712527,2.48231953564209,-0.161341099213908,-0.94153355872228
"COX5B","FBgn0031830","COX5B","2L","Complex IV",0.97063528488101,0.656907580934008,0.65533740124041,0.344157658400856,0.354720043832502,0.308678621971764,-1.81192504766945,-0.833928627836249,-1.05367392670596,-0.598659080839426,-0.230864448207568,-0.0354466188800376,-0.752783663410735,-1.25043741451602,-1.30451283138749,2.00103258473083,0.0549708530624935,1.61046994814044,0.746805152516257,-0.0444154501300702,-0.036002336234484,-0.143013029764217,0.629508111756732,-0.379819122582584,-0.0464596400754166,0.867051623234256,-0.326995569120987,2.29524904886209,-1.03208003511331,-1.61450707108966
"COX4","FBgn0032833","COX4","2L","Complex IV",1.55536654575445,1.18108707876851,1.33122886800764,1.22025961448387,1.19532148592471,0.852484637154628,-1.69875563681511,-1.4938622697706,-0.983612520102743,-0.503508242629201,-0.761513691474826,0.943297249206487,-0.861386456213254,-0.534754346698984,-0.484666065285846,1.13586308570158,0.035533954952816,-0.131961298539746,0.24858639205816,0.652243944033288,0.788175571098575,-0.463073753351695,0.413229584516233,-0.901688692979853,-0.776345328640493,-0.405410396991862,-0.781548041714165,1.65912124511753,-1.22728564080704,-1.20242687476307
"levy","FBgn0034877","levy","2R","Complex IV",1.50938177261135,0.94666665762718,1.12133050778226,0.859161231720338,1.05130084909288,0.820027097208395,-1.51223729220018,-1.75984233836191,-0.883144594673735,-0.113538097566722,-0.871676455021413,1.09170342562814,-1.40017249637212,-0.669012514688657,-0.603244091364395,0.924912297143732,0.321007074749881,0.367727637988292,-0.332159306030748,0.891665582266878,0.906401121395634,-0.865693742511607,-0.031785532794021,-1.1324922262263,-0.697212870882792,-0.0635467772454571,0.227800006926527,1.92089612132378,-1.10630134056611,-0.917921706959096
"COX7A","FBgn0040529","COX7A","3R","Complex IV",0.62625897892597,0.216034572662445,0.239177853817469,0.470331183109619,0.60212781706857,0.648098290626459,-2.409098746022,-0.979416866488718,-0.835135976649115,-0.100556005649531,0.184088114700277,0.574382441452663,-1.14905910129787,-1.36783107411913,-1.44464603183834,1.60837126467724,-0.426460307513577,1.93706570869517,0.755650908403352,0.328110404966525,0.392002576379449,0.535981961329571,0.208820818259064,-0.0255005362790211,0.32282961828306,1.46736116838689,0.57818882566637,-0.103043965696028,-1.31023893166481,-1.54389496419202
"COX7C","FBgn0040773","COX7C","2R","Complex IV",0.0778734262817266,-0.154584688483947,-0.0411238087587855,-0.404554522559246,-0.410528453135831,-0.512879300223439,-1.29135559257596,-0.497586193459935,-1.12272948420573,-0.854699083243718,0.166110105591427,-0.218652002362739,-0.0615146039638646,-1.10237124709094,-0.955777748499555,1.65666798114832,-0.604556222212134,1.92730592982225,0.358680999338114,-0.588677677540004,-0.629659914871878,0.210300656683251,2.48360733449937,-0.104572517988644,0.0499670601633362,1.38376440029662,-0.110401988947408,2.21907132979485,0.31127565640268,-1.17839982989819
"CG7630","FBgn0040793","CG7630","3L","Complex IV",0.461817802683058,0.257267029678984,0.381783583361864,-0.175206574234456,-0.0471533475311479,-0.196890754569237,-1.66609624122502,-1.03009058566143,-1.03992105227489,-0.765613902077431,-0.163216220068534,0.254236140694074,-0.364805435460432,-1.2634383127918,-1.06591108736761,1.463542025779,-0.223839031279349,1.8549904893951,0.197542009502064,-0.106032946280695,-0.244797613917776,0.260570927910588,2.2067850713348,-0.132346922747944,-0.163299176987421,1.12719623290621,0.0653940518546635,2.33453293179575,-0.849585742252726,-1.36741335016826
"ND-MLRQ","FBgn0052230","ND-MLRQ","3L","Complex IV",-0.0394916399280314,-0.0943325518457032,0.00820287161611926,-0.133000572709787,-0.0725501686891176,-0.265849044642904,-1.36511715706631,-0.564511216582561,-0.969587835621592,-0.726895411080707,0.151724509208035,-0.282849953548741,-0.0221133888951623,-0.882098689392744,-0.937095900674314,1.26333429670243,-0.422391863039125,1.57920947943035,0.732555402615603,-0.243051110774183,-0.22776327558808,0.259029536864935,-0.081607694387579,0.112273262022256,0.161104617039399,0.721885948919005,-0.46152597138912,4.09932089553922,-0.451243777698146,-0.845563596403451
"CG34172","FBgn0085201","CG34172","2L","Complex IV",0.414156084676297,0.275259534084303,0.357973445070942,-0.242254314996709,-0.287979517656519,-0.274229314459784,-0.510949984224341,-0.318429179179447,-0.714341238187601,-0.555444968139853,0.0545747140176617,-0.326082628919619,-0.264744508274264,-0.618540610036384,-0.542427467452954,1.58764861493949,-0.280223786442822,1.45290946599753,0.0106886254292399,-0.562473867397412,-0.576370508640603,-0.523416527624122,-0.121522448050968,-0.53574144987235,-0.315993601855692,0.255178063729123,-0.540959153662496,4.40378752373363,0.062117402652236,-0.762168399256516
"CG42376","FBgn0259722","CG42376","X","Complex IV",0.785962680921153,0.538277580582105,0.358706136276372,-0.323837908769183,-0.82070070515581,-0.520713312251392,-0.484202928224701,-0.310960888650522,-0.911209012320631,0.0811496629259571,0.501966841518458,0.494708571620657,-0.663872613040404,-1.3593516875156,-1.34832965836282,2.1343012133324,-0.153346095199435,2.85871303212236,-0.277568548650535,-0.858134754765243,-1.28672329101617,0.0582786856511002,0.0605936097253967,0.0524760932620113,0.571160078707252,1.7712268681378,0.254762117426501,0.697280599151075,-0.735439458033192,-1.16517290940496
"COX8","FBgn0263911","COX8","3L","Complex IV",1.14822747977514,0.771135108398024,1.07821671301815,0.151180816164924,0.511181608383399,0.23971778256936,-2.13706505167645,-1.25050185713306,-1.12269511573942,-0.474809244178267,0.247169982502958,0.543197339969284,-0.388791464948473,-1.14154153140245,-1.007257709333,1.7730762811006,-0.325321487241938,0.445655580925347,0.533538180905378,-0.370257722875024,-0.191306664358065,0.0879200537982487,2.11899623020398,-0.274863813796615,-0.162192449233325,0.749824364570138,0.0802080025069469,1.31108467634173,-1.38714225365667,-1.55658383556087
"ATPsynbeta","FBgn0010217","ATPsynbeta","4","Complex V",1.43012214770729,1.32759640040551,1.23003823499769,0.517218184646351,0.490268517225288,0.386485531691863,-1.40937423367888,-0.604534083041915,-0.465386992719665,0.0260937303530259,0.423056133409957,0.545877851901298,-0.230805744795383,-0.84844146257585,-0.951082525346212,0.777506025931768,0.9632367253878,-0.888428884571409,0.668983633586343,0.108895417785373,0.0628128327117786,0.791610824954854,1.86665803075565,0.35659377341547,0.607093628281108,-1.06973791609273,-1.10919795291296,-1.31913780399348,-1.78846357550281,-1.89555644991713
"ATPsynG","FBgn0010612","ATPsynG","2L","Complex V",0.0273115176265145,-0.170715699006355,-0.185808312052704,-0.145120779042356,-0.297701842638635,-0.293093551045481,-1.45237982990488,-0.627683477261974,-1.22824267789193,-0.739458596441387,0.228096352709218,-0.211763478752374,-0.128475267881294,-1.0638380272375,-0.965886841405474,1.67480087760822,-0.793679880725362,1.99808334649919,0.791835567896991,-0.619658122995233,-0.60795851310409,0.493221396929911,1.59664982408501,0.0439341730965285,0.164081207219264,1.09434985430901,-0.318115951605165,2.77829049364526,0.117551828484017,-1.15862559111693
"blw","FBgn0011211","blw","2R","Complex V",1.18503853936919,1.22097697480162,1.28195696824764,0.726514124736656,0.856348073884367,0.643998522683758,-1.6634986043416,-1.42530888663266,-1.03440939747194,-0.231872277104002,-0.412261410571934,0.589448089713243,-1.12004235499788,-0.897607811181582,-0.990864205976539,1.23855188517593,0.431658343017141,2.17226195079601,0.477544403280499,0.401239104399309,0.378784579389859,-0.066928013529899,0.554883139484124,-0.565641617648494,-0.0317719426021524,-0.1133551601447,-0.474505684258717,0.0334700477459387,-1.1067671500712,-2.05784023019198
"ATP6","FBgn0013672","ATP6","mt","Complex V",0.592505678323107,0.611262667911621,0.63125942616344,0.821170854142113,0.826233352469384,0.776300695751359,1.98944940367373,-0.904456685960624,1.61821922493814,0.784847906781024,-1.07700500419945,0.996777346306655,-1.16064420934937,1.07575014529395,0.873584521259107,-1.07001317224585,0.276674318741924,-1.10601986250625,-1.11760700129421,0.504403945479048,0.535751799393926,-1.05830016000004,-1.18048996367796,-1.00531062425135,-1.13070940235789,-1.12299171204995,0.60093025891867,-0.955248637524853,-0.911822867276503,0.285497757147101
"sun","FBgn0014391","sun","X","Complex V",0.865385657487309,0.605112540192289,0.37686297255374,-0.184734319933959,-0.194027037423328,-0.340488008234608,-1.54018364646878,-0.781911533600119,-1.06680681015509,-0.46400023138078,0.133251606236765,-0.00382185780308065,-0.651446924222422,-1.21820024881042,-1.37592225891407,2.2358249568791,0.0300316875254202,2.63841508437773,0.141666414515292,-0.378490579624429,-0.410581703054365,0.206693244843263,0.829459534262177,-0.27731811489258,0.243294938987657,1.75167054852848,0.721161916113524,0.307304258134267,-0.834258543832082,-1.3639435422869
"ATPsynCF6","FBgn0016119","ATPsynCF6","3R","Complex V",0.436375577745467,0.232421342784451,0.370276186317792,-0.150905741491917,0.10918946047009,-0.104962807042196,-1.51396055402848,-1.03395430364279,-0.991001240461906,-0.580477227131011,-0.596870134451285,0.0824292560797677,-0.798581820950409,-1.07477322991832,-1.0729901301645,1.51812676262186,0.103465773902183,2.59059388255496,-0.143555822539093,0.119391222736904,-0.0425563556269905,-0.265151977551701,1.23811231757173,-0.564805646980747,-0.168881728975427,1.13920699509771,0.670718881082697,2.43133187347053,-0.838801971740338,-1.09940883973903
"ATPsynD","FBgn0016120","ATPsynD","3R","Complex V",0.79185031345138,0.79664362649477,0.797201043851879,0.495270818787128,0.74043969381341,0.470298464149681,-1.6205280924823,-1.44705647641841,-1.08485699600722,-0.36502831409067,-0.607912687055216,0.636556498165421,-0.956117687252313,-1.11785191088596,-0.938428162582948,1.20406414359848,0.0633954795834667,1.53135371216477,0.0809262021701675,0.396785376032194,0.450666421516074,0.0133813028121809,0.3063941222819,-0.620888461652961,-0.254278970938492,0.507609585172576,-0.0911448879256707,2.67072258942381,-1.23756015536554,-1.6119065908116
"ATPsynO","FBgn0016691","ATPsynO","3R","Complex V",1.03470235496548,0.783070114041325,0.899467096511442,0.50520245150527,0.808342336750351,0.484605886263007,-1.84783127202087,-1.44168743437543,-0.938163576802312,-0.473445438480048,-0.365054024993608,0.66010042941451,-0.976318771871116,-1.08262004929505,-1.11961652578645,1.2942749700516,0.223574481486495,1.27240239352528,0.118729167302413,0.163356715651232,0.236657656282946,0.18811965723581,0.970461218510052,-0.405698111934033,-0.456414260796822,0.418798292651547,-0.480234717380147,2.35931987394745,-1.27718683003089,-1.55691408232944
"ATPsynB","FBgn0019644","ATPsynB","3L","Complex V",1.09529327074439,0.811141219700638,0.913321366228865,0.255643758211984,0.445373686470477,0.109484108579505,-1.93221040679729,-1.26845048630963,-1.2988053962939,-0.751932291884022,-0.395211513717433,0.409667661971866,-0.98361103059229,-1.2151990848218,-1.05081350002392,1.79091244331747,0.201941182950178,2.13880400838203,0.416939590371333,0.348424602846743,0.234357357049957,0.0261443937891818,0.93177087638358,-0.640544187625774,0.0470521541914556,0.553660610386805,-0.276864258268615,1.33671233698243,-0.67749572441977,-1.57550674780446
"ATPsyngamma","FBgn0020235","ATPsyngamma","3R","Complex V",1.21680223841863,1.15511420940459,1.18912276338248,0.943772197874262,0.945830085725861,0.813680469191592,-1.79559845710177,-1.55496716048892,-0.751151818986809,-0.229680803090239,-0.876435200173248,0.803926069678918,-1.00974800129427,-1.15110995165015,-1.15480226474143,0.994245717971484,0.37463332658156,1.32020396465844,0.430167883643814,0.828982601711821,0.5756388561117,-0.145249272258445,1.14499128798961,-0.579378158838456,-0.532500217719363,0.14580899069241,-0.21138388518586,0.213445726486326,-1.63931959056632,-1.46504160742823
"ATPsyndelta","FBgn0028342","ATPsyndelta","X","Complex V",1.40910590198458,1.25140846325401,1.2732386235476,-0.163768309659822,-0.0382373185940368,-0.0407482444077128,-1.47188702138012,-0.913300127183045,-0.29076084158873,0.166953729396314,-0.154370986296976,0.912684457221643,-1.24762605512073,-1.37864659711821,-1.50311569162459,1.27532300586125,0.53089926126578,1.67432810568256,-0.23731333464323,-0.361021284142787,-0.184071410262078,0.613609444123681,1.18110154962241,0.213841807168149,0.200267020390743,0.647759220540911,-0.0116314443063778,0.320605311105194,-1.68337696707584,-1.99125026776054
"ATPsynF","FBgn0035032","ATPsynF","2R","Complex V",0.837492606784398,0.961207059193419,0.95531758436771,0.500557091092899,0.728721694053564,0.327444278585991,-2.03219890374262,-1.41231606417187,-0.733015003862811,0.0609076910841981,-0.314527870898771,1.09572100324393,-0.746025777795707,-1.06181010365875,-1.20549399759145,1.41851907484064,0.158581244220337,0.750920530066851,-0.00648091821984186,0.456721427372745,0.286084330283919,0.273693192673685,2.60982269602842,-0.465392073053266,-0.110861813811474,-0.174391373018597,-0.328396498397352,0.0488006549770051,-1.14176618386349,-1.73783557678371
"ATPsynE","FBgn0038224","ATPsynE","3R","Complex V",0.284413396118093,0.230434072630679,0.379912862165193,-0.247260933903493,0.054138974772607,-0.0739108918783397,-1.30269957869063,-0.981851351524754,-0.846791576820581,-0.569186134487624,-0.480332300819364,0.263673624385865,-1.06578788816975,-1.08661876129011,-1.06371893250726,1.84762873491797,-0.156128757624788,2.46020966790129,0.291480722836578,0.0905264113177033,-0.0723536366275396,0.0209653254905974,-0.80565938722074,-0.403481578683292,0.0452319516323628,1.5897026422899,0.801978267525284,2.41579281765893,-0.32071874409747,-1.29958901729732
"ATPsynC","FBgn0039830","ATPsynC","3R","Complex V",1.16315160994965,1.15769704803682,1.3060923701775,0.85548009505998,1.07050909832916,0.929855577146221,-1.75461480099091,-1.64333846027807,-1.36714018642117,-0.552601321508079,-0.346998559958965,0.160316168823702,-0.810558491823397,-0.978653719046156,-0.828953323262431,1.82837369594058,0.261274442784273,1.84186884856927,0.564658209962832,0.377566479975111,0.375886705892982,-0.180422697045773,0.209937781992093,-0.47366914943836,-0.238714966868431,0.250158067922504,-0.094851167863967,-0.613440867001018,-0.920699665922988,-1.54816882313296
"Neb-cGP","FBgn0083167","Neb-cGP","X","Complex V",-0.0413942269168325,-0.268546343220988,-0.305101254660603,-0.49733023748439,-0.452850694109985,-0.473961035817836,-1.19242734363675,-0.658007356180893,-1.15740326197921,-0.443442798040616,0.0387129254413756,-0.243961674404575,-0.15924111091281,-0.991442972492837,-0.925249894379769,1.65040531451134,-0.56229980983393,2.56085355945488,0.227409194806545,-0.481860726092982,-0.613170569569359,0.099631228175019,1.48378368678673,-0.121666937927012,-0.05252518057787,1.60766619349275,0.408544722981602,2.56721155019226,0.00288845848190945,-1.00522340608515
