"","TktOEWT","TktDfWT","WT","TktDfGR","GR","TktOEGR"
"1,3-bisphospho-D-glycerate",NA,12434555.6187798,13058335.3518886,NA,NA,NA
"1-methylnicotinamide+",NA,NA,NA,NA,NA,NA
"1-phenylethylamine",NA,NA,NA,NA,NA,NA
"2- / 3-phosphoglycerate",3569052828.39018,6356119098.3673,6800289159.18136,6126711443.41672,4357430960.84538,5396207050.08614
"2-(Formamido)-N1-(5-phospho-D-ribosyl)acetamidine",407149042.009255,520926181.866592,650142168.087908,679760102.373162,209175620.407948,293293443.556678
"2,3-bisphospho-D-glycerate",61569822.3850811,44035663.4034758,58275710.4217358,35800965.4068773,24037818.5844124,39603812.2986309
"2-aminobutanoate / 2-/3-aminoisobutanoate",65785266155.4901,88021768925.1909,70813567541.9503,89450216153.5724,65953999204.4245,64615733840.1385
"2-HG",3590551129468.54,3764859132525.42,3942039518289.05,3360143946469.73,2752072210343.11,3025135801614.13
"2-hydroxybutanoic acid",1753045213.28144,1466056193.58941,1201031742.22469,1737668039.0339,1880713793.78796,1374639158.2451
"2-keto-3-deoxy-d-gluconic acid",3808100724.27851,3766088002.37081,4792857756.24737,3298130620.44995,3312329888.61021,4415997951.19012
"2-keto-isovaleric acid",20766445528.9495,21307274492.358,22382355919.4052,38664342174.9574,28919002350.0183,25946009045.0763
"2-ketovaleric acid",1634555215.4754,1042944745.11879,1409615334.33052,NA,1105132689.80397,1758459245.52153
"2-oxoadipic acid",14960700933.7354,6484235468.50223,25689963865.5875,6532943316.89985,9477032273.23496,13777833463.6325
"2-oxobutanoic acid",NA,NA,NA,NA,NA,NA
"3- / 4-hydroxyphenylacetic acid",15287474613.9358,11956840655.5695,11070775339.5769,13301535003.4908,34116830771.1335,17808977003.95
"3- / 7-methylguanine",8025098766.12542,9638484589.15041,8437004401.50428,5060217619.65334,6653806252.43987,4985519834.12764
"3,4-dihydroxymandelic acid",NA,NA,NA,NA,NA,NA
"3,4-dihydroxyphenylpropanoate",NA,NA,NA,NA,NA,NA
"3-hydroxy-anthranilic acid",2225401776.60585,2687689104.28567,2006574684.88158,2192567489.0365,2094588495.38024,1672485212.40011
"3-hydroxybutanoic acid",NA,NA,NA,NA,NA,NA
"3-hydroxykynurenine",35189109910.287,26816629362.3212,24334028436.9907,13673852496.3868,12040441548.642,8009056407.29189
"3-hydroxypropanoic acid",118532499492.725,115157051936.011,94162886928.1447,66154364476.7313,80621886720.4741,119522224783.846
"3-methoxytyramine",1248308392.37887,1184044282.85662,1060030436.63149,993898599.499723,1062364845.25682,1716135469.59936
"3-phosphohydroxypyruvic acid",2339292705.9189,3395324972.96859,3719388990.00971,5480502884.14827,3165657567.08528,4120772737.52847
"3-phospho-serine",3620527001.9016,5827100168.8377,6436577540.22248,1384086387.06101,767416165.686539,665439194.735796
"3-ureidopropionic acid",1037457527.0151,727168819.896489,731444073.304496,657753843.241188,787072441.313626,474133029.459356
"4-hydroxybutanoic acid",7562949092.15362,9537252595.0149,6494838628.61233,6861571110.63234,7428424534.57221,3636333220.92108
"4-hydroxyphenylpyruvic acid",50843837.2869099,64294821.3903062,46542531.2915048,66000645.8883314,49547595.621064,76101368.5938879
"4-hydroxyproline / 5-aminolevulinate",30480367580.5989,21581987407.4099,30994772552.853,39367430995.2838,35729494322.9693,41394421187.9789
"5-aminopentanoic acid",NA,NA,NA,NA,NA,NA
"5'-deoxyadenosine",141667835.655142,175537043.454726,244220958.162292,362739825.285225,321419709.810809,277462208.741181
"5-HIAA",5742472285.75194,1845943491.17692,1549044817.49027,2119105565.00513,2459621021.0862,1904802639.10527
"5-methylcytosine",5098592043.08507,5479919364.86125,4977172431.4062,5056128236.95753,3866650494.14269,4076866896.4333
"5-methyl-THF",NA,NA,NA,NA,NA,NA
"5'-methylthioadenosine",28951452539.8257,17102459548.8795,25711318805.1923,23165859007.8115,16342720628.5372,14549271660.3517
"6-aminohexanoate",146836413534.945,96448681213.5387,107972133038.268,76419381078.3296,171796713965.866,149899708890.502
"6-O-methylguanine",NA,NA,NA,NA,NA,NA
"6-phosphogluconic acid",524150564.185782,789599792.589108,1293118208.28246,997049020.342244,651771296.161314,761058569.941002
"6-phosphoglucono-D-lactone",10917989.4968774,27866221.800734,13490894.8456231,13813708.1271829,NA,39128256.2686822
"acetoacetic acid",31004946449.4028,13106056908.7425,12582474188.8154,12959387566.5968,19901267356.3706,18703248462.8977
"acetoin -",2456271022.89251,2966505976.94228,3189408198.22324,2864648538.74742,1602045532.12413,2695715003.50388
"acetylcarnitine+",719425143331.182,667706406412.797,528293392468.203,415802533539.509,386788244760.202,328044182157.961
"acetylcholine+",83032689113.6623,201793348731.425,61582452803.4928,68706183311.3164,187935982027.552,37431534126.4124
"acetyl-CoA",NA,NA,NA,NA,NA,NA
"aconitic acid",155481728685.363,148642132243.208,164746643121.855,168858528373.661,150618238550.154,196197036286.378
"acrylic acid",260734994926.308,247607906207.449,252955010344.719,317915385210.774,357177663052.655,333694251075.919
"adenine",101341435041.831,94233571071.1638,74699083034.686,108487231496.289,161968228267.581,104334086233.987
"adenosine",846438540668.018,897678370367.874,683453709863.568,761820443296.03,780625687705.729,624199254812.533
"adenylosuccinate",409169384.962455,864934785.890119,1795793873.23059,1324190688.98565,777436628.376623,901334111.471953
"ADP / dGDP",32966132498.2069,40372174159.6016,46966377060.8371,35997902037.6476,29047475169.9303,35567558826.5491
"ADP-D-glucose",101525653.68952,186187327.400761,161778144.497824,118127755.174716,94400050.8552676,94340046.9655739
"agmatine",14688092276.0947,15307244496.8698,7367354091.10053,11697607615.1592,8984029518.29362,15341465404.7051
"AICA ribonucleotide",186540265.333446,152833644.673347,377487296.347958,70698358.4674992,145706167.915312,245486748.937758
"a-KG",194932024422.668,277412335914.54,306011161539.772,406255805624.534,248234938873.491,317598570897.331
"alanine",1547973898870.78,1649375793015.39,1411606660005.7,1470395369050.02,1350436495900.13,1121723404897.52
"alanine methyl ester",NA,NA,NA,NA,NA,NA
"allantoin",110633260886.597,137499318424.02,159964443338.664,118513793601.476,135301517379.438,102916129755.871
"AMP / dGMP",125527625552.395,143864295650.337,143327621344.038,119427414060.886,115401083375.352,144284330615.336
"anandamide",NA,NA,NA,NA,NA,NA
"arginine",6035402868219.59,6517734161065.68,7800523911866.05,6184442175547.67,6265064669051.81,6410300029289.26
"ascorbic acid",272754012547.175,143406972175.513,246154418781.513,724293997307.365,391021496583.459,456198243573.476
"asparagine",455447185127.927,521894390785.472,528821397011.65,763454617024.798,663150077318.431,526215083796.213
"aspartic acid",36505896612.8664,42664697453.9195,36803599432.9227,36536954237.8214,31398195060.8067,28626189140.1286
"ATP / dGTP",2337274014.23308,2893261683.57359,5000651817.25045,2866838864.41771,2500929342.33726,3328839327.70957
"b-alanine",1137371247740.02,1100667685284.01,993062364721.491,702549955665.757,719389416861.827,695597957979.485
"betaine+",1966677111794.18,2506998611110.42,2031462365273.67,1874464386159.85,1803454399769.7,2173306149571.86
"bilirubin",NA,NA,NA,5212999.86205136,NA,NA
"biotin",6242915001.51849,6011635973.78948,5844189895.83431,4135405348.63873,4655335639.59363,3691655578.88103
"butyric acid",3024606160.37869,2937691067.17177,3442540827.92879,2914913821.33646,2514591174.62074,3294413633.01301
"butyric acid(iso)",3481419213.82461,3077483452.84061,3797283094.6832,4333464405.73373,4127086900.49849,4856237052.61964
"caffeic acid",153712230.298672,291455135.498662,205379544.817251,160460903.293741,159685612.245599,207229011.077202
"cAMP(2',3') / cAMP(3',5')",17625225855.9579,13056512999.1946,20108545474.4252,14461560414.6847,16952389992.4518,15901194134.1659
"carbamoyl phosphate",5788418392.53374,5813085156.58621,5812381098.8196,4608159157.62847,5023655909.76472,5566112580.65354
"carnitine+",5110742589272.68,5372977917191.38,4649261582284.75,4579356101256.09,4568669255932.41,4390803453571.42
"cCMP(2',3'-)",9964551175.10408,10119528265.8157,7944263936.07375,7045542983.72441,9527049195.44628,8051707059.55926
"CDP",347897992.366177,383043541.243738,733476471.154008,274222025.066656,192333193.283446,170250903.503881
"CDP-choline+",1562323296.84639,1892165283.12739,2485387010.03892,2020392645.16242,1211478886.57658,1383832175.96786
"cGMP",21773398936.3008,17632078497.2903,25453526228.45,17705471145.9487,20958363800.2384,18328074014.2427
"choline+",2931192128780.44,2935554124824.94,2842860587534.05,2921888118626.61,2756864684846.39,2870627205936.92
"citraconic acid",13032667350.9971,8896176838.18562,12444173479.4514,6351441436.52282,12109571913.4983,7547023996.79954
"citramalic acid",32681085233.0292,30775314284.7591,31190354482.4187,23251962866.3768,20964773749.2361,22724598160.9151
"citrate / citrate(iso)",1777746043181.17,2634045159110.6,3272834544770.04,2894790468713.46,2083119492676.89,2415934881103.61
"citrulline",873761363.383196,1256782192.71755,694481075.580299,919941555.720164,1458017256.04815,633130032.465599
"CMP",13277159719.0582,19735524976.1868,16363915341.8581,13136620508.9753,10084712203.0118,11041724589.2077
"Coenzyme A +",NA,17338474.1609631,11615997.1563162,14244405.0494294,NA,18044445.284758
"cortisol",NA,NA,6958737.13903383,NA,NA,NA
"creatine",3245839159.72377,1987928121.19405,1943100985.68353,2297677389.24768,1625355134.95551,1129866897.88295
"creatinine",NA,NA,NA,NA,NA,NA
"CTP",NA,6382659.9199327,100190794.174575,NA,NA,9470643.13766709
"cystathionine",10954546936.1455,16702589451.4773,21331955537.499,12782870360.8184,12266882003.7961,11183197196.902
"cysteine",22065181701.1404,23479211718.0934,23716553817.1049,41917039866.4912,53226153432.4544,45587211766.562
"cysteine-S-sulfate",NA,NA,NA,131446809.417798,236777141.474735,NA
"cystine",27249212926.523,18030331272.221,18792927207.8784,15841983187.6293,19435022589.3838,16346932818.5455
"cytidine",36396837368.6418,39126767072.0504,41844086604.7173,22539654929.4578,24579780005.815,23102305151.3401
"cytosine",2414541160.96152,3203335364.25749,2286912308.37629,2164104600.77755,2542898736.52245,1993811700.82545
"dADP",9119377.11310629,9166897.25159551,7997409.30213002,156877318.410974,85132055.4279868,55088975.9095913
"dAMP",76336680.1493254,59824991.0030584,37485951.5431648,705434832.277661,471316840.267331,559847343.592492
"D-arabinono-1,4-lactone",20879440227.2815,25696365456.8474,21816897578.6985,29725608981.7236,18253794087.8818,24615666559.1112
"dATP",7772735.35084618,NA,NA,NA,NA,NA
"dCDP",NA,NA,NA,NA,NA,NA
"dCMP",24623643.3220543,47244922.5635688,44680357.6701746,33425521.2904404,16603963.6389958,18117155.2453653
"dCTP",NA,NA,NA,NA,NA,8113926.75107196
"dehydroascorbic acid",42430288751.6173,36784285676.8408,31117661964.1223,58809908253.2296,36467804269.7967,32846577994.3547
"deoxyadenosine",220680936.377875,139132215.583873,384305023.493556,509315672.493425,475400260.481908,458165366.718413
"deoxycarnitine+",189602282551.932,219379394246.549,195022505658.007,55915197313.2158,63372097152.0722,39775377925.2921
"deoxycytidine",175562305.092455,190057504.365991,277689469.832029,241874831.243967,259456602.78879,270690481.014327
"deoxyguanosine",NA,NA,554646174.963381,10072841600.3974,8162958396.34034,10199660137.4121
"deoxyinosine",224376419.90117,181969942.542725,143394099.316572,8349040134.72726,5174880557.71326,5563613492.1585
"deoxyuridine",195846305.344568,20065736.5079316,276043423.451763,53400082.6118185,1272306549.38069,275572603.090183
"D-erythrose-4-phosphate",3383328470.6147,6092223045.97001,7819900056.40423,5440336786.79049,3914041758.00821,4343885433.88508
"D-galactonic acid / D-gluconic acid",10906910598719.2,10786898196678,13657247125294.8,12397691571936.6,11882754432329.7,15130065559961.3
"D-galactosamine/glucosamine-1/6-phosphate",16841313151.9066,23816529387.8736,22490768196.9167,22364726538.5364,16498950616.6175,21219390513.9854
"D-glucuronolactone",5543058367.94121,2674575935.15023,4717663009.15608,4026305926.55163,3181131723.03111,2773492086.40169
"dihydroorotate",314299108.796348,344390613.72734,599243175.208327,1069193434.25256,1106045414.84968,542392664.461237
"dimethylglycine",24453249007.8753,30193459302.6771,30471456271.8337,27004390194.6261,23796312989.4283,19962445759.8978
"DL-DOPA",119577484861.402,208965040696.469,187133810637.762,284415251420.106,265921836007.047,268180046779.558
"DOPAC",NA,NA,NA,NA,NA,NA
"dopamine",3600869989.7011,2245598348.2288,3092619066.35088,4643214568.93953,4998390333.98337,3483432366.20463
"D-ribose-1/5-phosphate / D-ribulose 5-phosphate",10976525531.0874,15468824266.189,12945641737.3568,13529654637.8208,7538858464.7995,9412024076.72719
"D-sedoheptulose",25028373779.6958,30923232851.7329,26966857444.3347,33901513947.2852,25009800776.6601,42461343047.268
"D-sedoheptulose-7-phosphate",37967897746.5243,53290988168.1828,67346389206.4923,49436949743.0975,32738092842.2094,61504379736.1663
"dTMP",198778696.856961,387344806.846237,278023882.259509,343102010.353614,330781726.189952,321946830.939804
"dTTP",NA,NA,NA,8968049.8707981,NA,NA
"dUMP",NA,NA,NA,NA,NA,NA
"dUTP",NA,12014451.6959914,NA,NA,NA,NA
"epinephrine / normetanephrine",10547976113.5792,8878112728.8026,7285318214.04,8003462797.34006,8094427380.92393,7466660116.87172
"ethyl acetate",5876687461.31698,4523652816.68961,7216204350.16948,8951226612.91943,4556354779.69263,3575982370.9966
"F-1,6/2,6-DP",1223896264.22341,1128318528.0758,1769344165.84027,966237790.93725,647241150.041153,569017816.241897
"F1P",430931786.207418,610641122.783784,779663494.036995,2083871303.51684,1811224557.69122,1524011685.33666
"F6P / G1P / G6P",572732732451.798,931830692298.279,1079188079305.68,841873410742.856,598589256367.324,738543100119.794
"FAD",3088932447.78997,3562345166.13012,3135114403.27873,3694617138.2401,2804120797.51352,2980180843.82133
"FMN",516935470.281331,565151931.051008,460684604.921748,276815759.593272,383696354.789491,545558079.935009
"folate",NA,NA,NA,NA,NA,NA
"fructose / mannose",3139860747667.18,2963306718954.35,3298935438347.78,2989409234468.13,2871678687882.72,3257101085104.5
"fumaric acid",16689735509.7963,20926044602.6573,14098599559.8122,25981672076.9037,16024326642.8581,15490176755.1201
"GABA",126811896047.564,115665748670.807,117704267829.163,124444367513.393,140857892334.44,103969001509.164
"galactosamine / glucosamine / mannosamine",25447549490.825,20609350210.6513,22775523307.1291,19935731933.4764,28637199481.7552,23318098932.2664
"galactose / glucose",3113771243238.68,3038612904067.17,3106511215773.57,3613202308190.99,3812840317423,3782067634481.49
"GalNAC / GlcNAC",1725992666.53358,1262288729.15203,1252470162.91013,1193802826.09053,1503553457.50471,1276853504.4611
"GAP / DHAP",4232014217.36946,3630330809.26807,4398660198.32224,4357397419.86299,3070775515.2118,3480959371.14833
"GDP",1323448658.6221,1763639757.16254,2525075115.16309,1747075710.80882,1479135656.86337,1599700364.98856
"GDP-L-fucose",81130664.8608505,171231426.341028,155079103.120889,102946276.114437,77219019.334814,77769935.9378317
"geranyl-PP",NA,NA,NA,NA,NA,NA
"glucono-lactone",535896866175.802,392321076448.083,643083670169.593,444901646443.631,488124472065.131,681330805686.828
"glutaconic acid",363178643316.131,261715726523.524,406391310316.536,295573877584.541,329530906147.723,461537351079.012
"glutamate",1141444175340.11,1490720579221.21,1479284033694.67,1281338937867.06,971313928516.218,961799981067.49
"glutamine",4341860048087.45,4234107099618.61,3752782681761.4,6773908029495.57,5315895647358.98,4742471509941.5
"glutathione",103564286073.822,105509354927.798,92918585891.4252,118922078727.044,99672206126.1831,127669709150.181
"glutathione disulfide",38244403662.2098,44408822995.3914,43571527312.2381,38398245556.4605,31304805416.8274,32922735806.909
"glyceraldehyde",618987717706.517,685851217389.721,919422918520.618,847819890291.117,937035519284.397,1219625218641.64
"glyceric acid",16060168780.7174,18127627566.8,14654268216.7752,15844505373.5639,13854776600.4183,11203102225.6552
"glycerol 2/3-phosphate",169024110133.79,221831743255.771,179302176338.354,176464611728.462,146532178936.742,133262485021.198
"glycine",312979730420.84,277663245154.299,271153610942.201,368753149925.878,360798606528.487,330553479786.284
"glycylglycine",2317603253.66174,2342634183.28442,1699783890.47007,1506279994.82384,2171839371.31518,1484967358.26143
"glyoxylic acid",1835421642.75484,1374292430.66208,1833418733.92825,2276177520.57917,2266844800.58578,2219622097.82104
"GMP",33235837222.5892,46283329672.1137,47908743216.6174,46343839746.6716,49956318641.7928,57088055388.1119
"GTP",16047112.1650559,15993219.4492571,103521495.798889,37521948.7003643,13982619.2737381,27437707.8221564
"guanidine",20372133434.0485,14734839577.6628,12542859788.1025,11823915661.1114,10575955692.0631,6776686269.57128
"guanidinoacetate",NA,NA,11283271.2138129,NA,NA,NA
"guanine",1240371144.10434,1165002904.44061,1536628874.49102,17321496532.4537,13963737341.5963,16943725336.0077
"guanosine",114238063553.772,151027580491.919,109081648870.39,205655255148.564,282532231631.058,243928706373.556
"gulonic-lactone",NA,NA,NA,NA,NA,NA
"histamine",31373779191.4501,50685223267.4977,29814207415.4611,36414748143.2381,36937913538.4311,20643390305.953
"histidine",3193344457443.78,4028746550353.31,3618676978781.88,2627345621732.31,2060051887653.02,2152221777134.11
"homocysteine",NA,NA,32037627.8485176,NA,NA,22789277.312765
"homocystine",NA,NA,NA,NA,NA,NA
"homogentisic acid",31787918015.348,41439275731.0782,58454794376.0817,44822596520.4997,32335981064.6226,49429738345.3171
"homoserine / threonine / allothreonine",425162650577.495,358059606636.198,337285056969.187,906046812286.204,696810906541.555,524277923698.929
"hydroxyphenyllactic acid / HVA",3694213233.50168,2103091264.74528,2264728333.14753,6365564076.55809,11524911590.509,7198778761.07692
"hydroxypyruvic acid",NA,NA,NA,NA,NA,NA
"hypoxanthine",268701463231.162,301292897816.459,308973051508.91,206842857818.896,166020844749.698,140590541769.727
"IDP",8007918.15954619,25699602.8084073,47197313.4168234,21773127.6542177,24302062.7045029,17404471.2201597
"imidazole-4-acetate",8885820383.98911,8587257801.09006,9280132849.62182,6528777522.28896,5662181164.10159,9483813805.20098
"IMP",22764029361.3055,37802406417.6105,30957539183.6399,34657700257.636,24095185043.9208,31196539928.657
"inosine",441217180832.135,522892897620.165,463637071861.248,869586152754.701,858044449948.419,830712124992.012
"isonictinic acid ",17710483934.1932,13672413239.163,20522377267.9344,11756602186.8056,8425498517.03078,8416809139.49741
"isopentenyl pyrophosphate",NA,NA,NA,NA,NA,NA
"itaconic acid",17110926213.3964,21002231580.7219,19730538163.5296,27173268676.0317,17370233081.1336,23297290829.9366
"kynurenic acid",80945199915.2794,25766656773.7696,32236987794.6419,14415917584.9128,26533611831.819,33414766062.2641
"kynurenine",54899013855.7855,13647700006.0869,12557003807.1817,17689889019.7018,22561606549.1464,15528230764.2734
"lactic acid",9588736540886.22,9974341154466.35,8734944028287.16,9209129262285.65,8558332534063.06,8149751429635.79
"lactose / maltose / sucrose",379192246673.399,446013931504.751,457092471010.073,553238134526.782,458864322674.66,548856079956.518
"L-arginino-succinate",12154304388.5317,20537433029.9066,16844478469.0645,17442799864.7634,8490526211.89539,11739057886.9177
"L-cysteic acid",63131382.0318241,86138013.3107614,49950511.2319975,43286231.8791186,16170491.4591953,NA
"leucine / leucine(iso) / norleucine",3585717827292.96,4129557884405.19,3757313564513.98,3945984908088.29,3608628743381.82,3567814047891.45
"levulinic acid",NA,NA,NA,NA,NA,NA
"lipoamide",NA,NA,NA,NA,NA,NA
"L-NMMA",3475656331.94465,3527134109.83232,5919421375.41328,4016620543.12003,3688135543.59836,3966738944.80198
"L-tyrosine methyl ester",9884862945.79181,7358078649.4199,8007609793.90397,10930290907.7724,7319726091.89153,10284087052.8802
"lysine",656761398163.891,629640740789.582,1071355801179.67,930960802295.661,810591002752.745,672429874216.648
"maleic acid",1619002196.33748,1132874492.62945,1214587416.04933,1224246176.17607,895824045.737337,1174158394.55118
"malic acid",288535937678.666,436591676158.089,392992599264.665,914504851792.662,299972959512.419,284997367438.592
"malonic acid",44963457270.8782,62151410900.404,50508431718.3959,47068793836.8155,56510520919.8811,48723609992.1153
"malonyl-CoA",21473459.24,22053950.1957118,NA,NA,NA,NA
"mandelic acid / vanillin",NA,NA,NA,NA,NA,NA
"ManNAC",2130867725.7442,2192652286.60558,1969925335.32396,3602234059.08951,2452291507.13179,2289004387.82906
"mesaconic acid",857444965414.827,875262888623.768,932398771481.829,851719356248.838,709426382519.803,780030967700.244
"methionine",841667290767.601,1148388122690.91,1364973819806.19,1106300964720.36,1014494199167.69,994341953978.084
"methyl acetoacetate",6083955496.34847,5022791240.30918,7189459644.30032,5770753157.05426,6704222465.10068,8847048120.41206
"methylglyoxal",2520437685.44225,981710614.600842,2107194856.03726,1345213038.16423,618162412.202929,1117224605.02355
"methylmalonic acid",16434130389.6973,15994841250.7456,16097219076.4136,18998308272.8472,13016186786.6286,18339379071.6812
"mevalonic acid",43134617083.0004,28591388991.0597,51192667285.922,35570763235.0775,56430107728.2072,14727452756.3443
"N1/N8-acetylspermidine",4581936697.65756,5588586958.38368,6786663002.21779,28724896185.703,7395956196.60779,4898098627.21065
"N1-acetylspermine",4163566812.04019,2942678119.27379,1268641213.83789,1237949200.10886,979092181.977465,656664102.212581
"N-acetylaspartic acid",121858341358.973,174075092992.346,143050013257.917,141213303684.585,83651083646.9155,92587572389.81
"N-acetylaspartylglutamic acid",NA,NA,117162526.436724,NA,NA,NA
"N-acetyl-b-alanine",41798457523.7963,36417963233.1485,43283774276.266,18751186063.8242,25959670466.8307,26160928446.7126
"N-acetyl-DL-alanine ",19108031774.5047,11448108013.7761,18089856971.1953,17598419703.4461,12822235221.8853,10694193300.277
"N-acetyl-DL-serine / O-acetyl-L-serine",23420348776.6095,27377697550.5349,25764810862.1203,26659101013.7185,24205338962.4367,22306957179.0887
"N-acetylglucosamine 1/6-phosphate",7099946101.72677,10860181867.0265,12656687091.1829,10230960597.8139,7220234368.45934,9634114723.89548
"N-acetylglycine",9073251994.62312,11821373917.1123,10087639740.251,12342929769.2685,10364715593.9729,9074054677.53753
"N-acetyl-L-glutamic acid",6412164841.45051,7212489947.37083,5887484209.23465,6258448135.4914,4313986712.75797,2843899428.08516
"NAD+",17931481258.0305,23502267462.0112,21788156945.2724,14650638899.3255,9151198723.10977,13340677613.0538
"NADH",1191031644.41037,1648645285.35812,869540678.447628,1046999447.70002,727881454.646414,657138055.664252
"NADP+",264864606.537139,375580620.553957,1152016089.71914,229133334.705042,195832834.368271,242756024.321379
"NADPH",11798214.2643033,28093014.3495371,37484220.0351919,22547777.3024384,23252040.0260305,NA
"N-carbamoyl-L-aspartate",10901568.9333533,94604744.3619922,49462742.7160712,39309895.7337452,88782038.0799854,46508875.8872995
"nebularine",7275566.07345423,NA,7547933.18487462,NA,14656677.5682686,11219507.1431889
"N-formyl-L-methionine",970246306.074885,908090654.719125,793553652.370049,1011873107.46802,1197737513.26142,658909268.181699
"nicotinamide",49193953489.7211,34213075310.2168,52658866051.4973,20914688163.8404,25265332140.4012,25839210180.183
"nicotinamide riboside+",36213074470.0755,67951146305.0711,39214643429.9805,12712795195.8991,9848311004.21454,9835109989.11491
"nicotinic acid",44199991686.4593,51556711663.9576,44493248824.7771,46631840551.9736,45384381472.2375,43829053920.5231
"N-methyl-alanine",NA,NA,NA,NA,NA,NA
"N-methylaspartic acid",661415288650.358,993958449022.163,657719237358.04,404673215.727586,471382525929.485,342948700266.135
"N-methyltryptamine",NA,NA,NA,NA,NA,NA
"NMN",10307325319.2167,14264933501.9881,16242447896.215,7081288423.11106,5085768326.61916,5020798131.70446
"norepinephrine / pyridoxine",3106889110.00414,1515897236.54558,2808495943.27554,1702476730.68072,2457306580.47764,1999287457.24216
"octopamine",NA,NA,NA,NA,NA,NA
"ornithine",15656227772.1716,14827481310.3627,29374718195.2759,32168110062.522,39396761918.9181,36763286709.6618
"orotic acid",2121439113.3387,2039232076.85955,2743270510.83047,7421178370.5106,8269658877.09509,6882790399.64852
"orotidylic acid",NA,NA,NA,NA,NA,NA
"O-succinyl-homoserine",143520922.00913,309262312.873106,354122930.797066,242044313.108622,199189017.055903,272629311.259827
"oxalacetic acid",NA,NA,61366493.3294284,NA,NA,NA
"pantothenic acid",265499212023.555,302241611576.248,276864649677.062,266147746535.704,226565488231.46,269696552598.806
"phenethylamine",1889628324.89674,637352825.61425,1304403064.23281,769951896.444995,1282806700.60518,1020586663.62104
"phenylalanine",1768232882536.68,1796057836047.09,1716022135729.05,1530987456489.41,1483075301700.3,1395435921270.22
"phenylephrine / synephrine",NA,NA,NA,NA,NA,NA
"phenylethanolamine",NA,NA,NA,NA,NA,NA
"phosphocreatine",80822253.1738099,115126286.878118,34581489.9021613,49806052.9850019,56169457.6679279,47293791.2191811
"phosphoenolpyruvate",410110188.512475,978594051.796508,1351144740.12147,814731321.02425,494984911.495064,726257122.368023
"phosphorylcholine+",1976418837877.83,3531479786354.76,2864003628480.67,5827447888909.29,4780062362704.52,4632773639146.81
"picolinic acid",NA,NA,NA,NA,NA,NA
"proline",13776467354989.8,14709600975464.4,14256078561404.1,12674632153579.1,12218474118443.8,12260358821891.9
"propionic acid",NA,NA,NA,NA,NA,NA
"PRPP",6929186.90583186,NA,NA,57095.2098302065,NA,NA
"pseudouridine",12873867407.6344,14025749460.1721,11009808740.7649,9754392810.53505,11906060971.7078,11084924569.8135
"purine",NA,NA,NA,NA,NA,NA
"putrescine",1883064436.93924,1192927832.99282,1306012292.45833,1438539489.12794,2888070559.79332,1498158633.97503
"pyridoxal",24672203358.0911,21560420412.8574,22272951265.0099,15103699985.0347,10529266182.0596,13587077925.1045
"pyroglutamic acid",1436422865120.2,1409206281379.64,1545937276924.02,1798263733882.28,1575306610275.13,1550034691445.2
"pyrroline hydroxycarboxylic acid",2618835114009.41,2567727647048.59,2260132790950.21,3991863331007.91,3090379640893.54,2734840558406.36
"pyruvic acid",362685075559.393,465154858188.197,505626868158.898,753391056839.891,488350580803.051,534232910861.39
"quinolinic acid",NA,NA,NA,NA,NA,NA
"S-adenosyl-L-homocysteine",593608381.936586,456447287.546945,664194224.261631,672344551.635758,610102945.36128,589514955.511755
"S-adenosyl-L-methionine+",9184574466.21898,19034884849.8026,37229166565.152,16633011796.2824,13348998015.6629,13065750718.4155
"S-adenosylmethioninamine+",NA,NA,NA,6663008.21820469,NA,9279025.70505434
"SAICAR",9182094.82713248,10910217.169708,NA,8495920.17035742,NA,4390528.84502238
"sarcosine",94278343424.106,281837747238.587,75462206977.3757,94064639982.3771,48609502179.8695,77139209576.9313
"serine",229955595024.926,265734263149.3,255951175228.337,274834839086.658,219941192082.504,213923622117.677
"serotonin",1694191828.68409,2124499047.04306,2246746475.13888,1011179065.98417,1732248219.15752,2142890526.53879
"sorbitol / galactitol / L-iditol / manitol",527175920532.79,1211930288289.72,577865257855.969,632228582966.554,921104420554.879,437119418130.207
"spermidine",334391659893.95,320829253305.94,227632116941.446,261290050155.541,238471714168.815,197980394842.869
"spermine",64128394240.9913,55387915349.766,46691754848.1329,56025418452.3954,54542221967.8767,53124889829.6261
"succinic acid",1595223277205.36,1771998970535.67,1397230286654.44,1613240227741.15,1476071019707.03,1270721741000.81
"succinic semialdehyde",NA,NA,NA,NA,NA,NA
"succinyl-CoA",NA,NA,NA,NA,NA,NA
"taurine",1208704689075.99,1460821728867.65,1157501386781.66,1547725362626.12,1240048803017.71,1388268931331.47
"thiamine diphosphate+",4948859260.06239,3865928411.04611,5184998198.35235,3804848107.05811,3612693082.08349,3812054329.25516
"thiamine phosphate+",6634072918.05545,7355822277.31247,7297878929.85309,9364345977.67145,8710419584.70732,9660862421.50329
"thiamine+",115267074225.755,103588035475.877,70874873434.8578,54235229568.7167,65446351266.7603,74708066635.582
"thymidine",1097800349.27461,423670350.150505,1894712366.31228,1036498335.89812,1342576058.14002,1703749587.40147
"thymine",3379197407.35297,2274650715.67719,2598935604.44128,2092951827.59262,4617636164.07645,4576277821.3483
"tryptamine",NA,NA,NA,NA,NA,NA
"tryptophan",333594177219.168,276216419728.767,262848747713.885,307421556583.361,338609119134.735,316088225383.932
"tyramine",7051434321.29632,4904150949.31583,9923109258.77428,5261863940.81155,10277366367.2245,7969755957.70212
"tyrosine",9506909678898.34,9339154218380.21,8394643177034.19,7935765402795.5,8152962522165.02,7999050666448.69
"UDP",413490205.489537,839478437.638664,1136633464.53886,472905533.333656,387842803.39151,529901204.95618
"UDP-D-galactose / UDP-D-glucose",1751913193.80451,3252525956.91769,3524780365.59615,3078016936.48679,1271122204.30527,2588495799.53706
"UDP-N-acetyl-galactosamine/UDP-N-acetyl-glucosamine",4701538048.52835,6751853937.02376,6107107537.60946,5389828282.29048,3529245394.15543,4133420774.74863
"UMP",4416346830.03312,5934946900.17179,4025937291.76672,4444244209.11916,3172707000.92543,3368213606.09881
"uracil",112291599444.186,95834651257.9942,127760771148.615,120881408302.838,142467244355.745,118557913961.554
"uracil 5-carboxylic acid",NA,NA,NA,40378714.6271133,45571923.3170607,65220135.2113793
"urea",13239849287.892,8771440098.44544,9501162325.65944,13194722913.0855,26232440675.4356,19460629624.3336
"uric acid",4377716005184.84,3930014170690.46,3762765245285.48,730962797537.733,726360451535.5,991926978344.833
"uridine",330808796961.155,416413887457.571,325108965293.468,301078216878.296,278955450255.309,250272572632.627
"UTP",NA,9034539.05891523,134801681.766727,NA,10191174.5394245,11689035.6748847
"valine / norvaline",600789934172.307,663482396508.098,581377090467.734,806238202035.626,678755938363.596,659207481072.002
"vitamin B2",13802882250.1175,14017665682.5667,9098125826.58865,5944985748.3966,5159035643.24116,6845730350.46498
"xanthine",73995240170.7566,96522155548.5565,72858357853.4043,6050449579.99223,12073254679.6089,7485901834.03934
"xanthosine",280852230.953758,195864083.711267,176745357.535316,211660968.426152,147242942.66302,212354879.965896
"xanthurenic acid",7160067442.46873,3503937617.01934,3527023106.50063,1708230924.63412,3892656383.72102,3193986979.86498
"XMP",26327454.3675776,62408708.468913,55419768.0532234,40878332.1864766,15369673.2792648,17217379.3242389
"xylitol / arabitol / ribito",103718441906.221,123950363163.365,104058362790.259,156886740490.976,108671944615.15,135674894710.276
"y-glutamylcysteine",11913169838.3052,20627314452.8306,15913633942.7532,18100240575.8388,20056620941.532,16820778748.4091
